Workbook

Sheet Roadmap
A1: StudyLog roadmap
A2: Counts come from the Backlog sheet. Edit only the yellow cells (Timeframe, Target).
A4: Milestone | B4: Name | C4: Goal | D4: Timeframe | E4: Target | F4: Items | G4: Done | H4: In progress | I4: Blocked | J4: Open | K4: % done | L4: Status
A5: M0 | B5: Foundations | C5: API, CLI, tests and the first web pages | D5: Done so far | F5: =COUNTIFS(Backlog!$E$2:$E$500,$A5,Backlog!$J$2:$J$500,"<>Won't do") | G5: =COUNTIFS(Backlog!$E$2:$E$500,$A5,Backlog!$J$2:$J$500,"Done") | H5: =COUNTIFS(Backlog!$E$2:$E$500,$A5,Backlog!$J$2:$J$500,"In progress") | I5: =COUNTIFS(Backlog!$E$2:$E$500,$A5,Backlog!$J$2:$J$500,"Blocked") | J5: =F5-G5 | K5: =IF(F5=0,0,G5/F5) | L5: =IF(F5=0,"Empty",IF(G5=F5,"Done",IF(G5+H5+I5>0,"In progress","Not started")))
A6: M8 | B6: Design system & redesign | C6: Figma design system and screens, then the web app restyled to match them | D6: Done so far | F6: =COUNTIFS(Backlog!$E$2:$E$500,$A6,Backlog!$J$2:$J$500,"<>Won't do") | G6: =COUNTIFS(Backlog!$E$2:$E$500,$A6,Backlog!$J$2:$J$500,"Done") | H6: =COUNTIFS(Backlog!$E$2:$E$500,$A6,Backlog!$J$2:$J$500,"In progress") | I6: =COUNTIFS(Backlog!$E$2:$E$500,$A6,Backlog!$J$2:$J$500,"Blocked") | J6: =F6-G6 | K6: =IF(F6=0,0,G6/F6) | L6: =IF(F6=0,"Empty",IF(G6=F6,"Done",IF(G6+H6+I6>0,"In progress","Not started")))
A7: M9 | B7: Insights | C7: Analytics and Interview ready: APIs and pages | D7: Done so far | F7: =COUNTIFS(Backlog!$E$2:$E$500,$A7,Backlog!$J$2:$J$500,"<>Won't do") | G7: =COUNTIFS(Backlog!$E$2:$E$500,$A7,Backlog!$J$2:$J$500,"Done") | H7: =COUNTIFS(Backlog!$E$2:$E$500,$A7,Backlog!$J$2:$J$500,"In progress") | I7: =COUNTIFS(Backlog!$E$2:$E$500,$A7,Backlog!$J$2:$J$500,"Blocked") | J7: =F7-G7 | K7: =IF(F7=0,0,G7/F7) | L7: =IF(F7=0,"Empty",IF(G7=F7,"Done",IF(G7+H7+I7>0,"In progress","Not started")))
A8: M1 | B8: Web: core study loop | C8: A learner can find a path, enroll, study and manage it entirely from the web app | D8: Done so far | F8: =COUNTIFS(Backlog!$E$2:$E$500,$A8,Backlog!$J$2:$J$500,"<>Won't do") | G8: =COUNTIFS(Backlog!$E$2:$E$500,$A8,Backlog!$J$2:$J$500,"Done") | H8: =COUNTIFS(Backlog!$E$2:$E$500,$A8,Backlog!$J$2:$J$500,"In progress") | I8: =COUNTIFS(Backlog!$E$2:$E$500,$A8,Backlog!$J$2:$J$500,"Blocked") | J8: =F8-G8 | K8: =IF(F8=0,0,G8/F8) | L8: =IF(F8=0,"Empty",IF(G8=F8,"Done",IF(G8+H8+I8>0,"In progress","Not started")))
A9: M2 | B9: Production launch | C9: CI, deployment and monitoring so the app can run for real users | D9: Next | F9: =COUNTIFS(Backlog!$E$2:$E$500,$A9,Backlog!$J$2:$J$500,"<>Won't do") | G9: =COUNTIFS(Backlog!$E$2:$E$500,$A9,Backlog!$J$2:$J$500,"Done") | H9: =COUNTIFS(Backlog!$E$2:$E$500,$A9,Backlog!$J$2:$J$500,"In progress") | I9: =COUNTIFS(Backlog!$E$2:$E$500,$A9,Backlog!$J$2:$J$500,"Blocked") | J9: =F9-G9 | K9: =IF(F9=0,0,G9/F9) | L9: =IF(F9=0,"Empty",IF(G9=F9,"Done",IF(G9+H9+I9>0,"In progress","Not started")))
A10: M3 | B10: Email & accounts | C10: Email provider plus everything that needs email codes | D10: Done so far | F10: =COUNTIFS(Backlog!$E$2:$E$500,$A10,Backlog!$J$2:$J$500,"<>Won't do") | G10: =COUNTIFS(Backlog!$E$2:$E$500,$A10,Backlog!$J$2:$J$500,"Done") | H10: =COUNTIFS(Backlog!$E$2:$E$500,$A10,Backlog!$J$2:$J$500,"In progress") | I10: =COUNTIFS(Backlog!$E$2:$E$500,$A10,Backlog!$J$2:$J$500,"Blocked") | J10: =F10-G10 | K10: =IF(F10=0,0,G10/F10) | L10: =IF(F10=0,"Empty",IF(G10=F10,"Done",IF(G10+H10+I10>0,"In progress","Not started")))
A11: M4 | B11: Teams & creators (web) | C11: Web screens for organizations, building your own paths, admin and moderation | D11: Done so far | F11: =COUNTIFS(Backlog!$E$2:$E$500,$A11,Backlog!$J$2:$J$500,"<>Won't do") | G11: =COUNTIFS(Backlog!$E$2:$E$500,$A11,Backlog!$J$2:$J$500,"Done") | H11: =COUNTIFS(Backlog!$E$2:$E$500,$A11,Backlog!$J$2:$J$500,"In progress") | I11: =COUNTIFS(Backlog!$E$2:$E$500,$A11,Backlog!$J$2:$J$500,"Blocked") | J11: =F11-G11 | K11: =IF(F11=0,0,G11/F11) | L11: =IF(F11=0,"Empty",IF(G11=F11,"Done",IF(G11+H11+I11>0,"In progress","Not started")))
A12: M5 | B12: Engagement & scale | C12: Reminders, export, pagination and performance as usage grows | D12: Later | F12: =COUNTIFS(Backlog!$E$2:$E$500,$A12,Backlog!$J$2:$J$500,"<>Won't do") | G12: =COUNTIFS(Backlog!$E$2:$E$500,$A12,Backlog!$J$2:$J$500,"Done") | H12: =COUNTIFS(Backlog!$E$2:$E$500,$A12,Backlog!$J$2:$J$500,"In progress") | I12: =COUNTIFS(Backlog!$E$2:$E$500,$A12,Backlog!$J$2:$J$500,"Blocked") | J12: =F12-G12 | K12: =IF(F12=0,0,G12/F12) | L12: =IF(F12=0,"Empty",IF(G12=F12,"Done",IF(G12+H12+I12>0,"In progress","Not started")))
A13: M6 | B13: Quality & docs | C13: Stronger tests and documentation | D13: Ongoing | F13: =COUNTIFS(Backlog!$E$2:$E$500,$A13,Backlog!$J$2:$J$500,"<>Won't do") | G13: =COUNTIFS(Backlog!$E$2:$E$500,$A13,Backlog!$J$2:$J$500,"Done") | H13: =COUNTIFS(Backlog!$E$2:$E$500,$A13,Backlog!$J$2:$J$500,"In progress") | I13: =COUNTIFS(Backlog!$E$2:$E$500,$A13,Backlog!$J$2:$J$500,"Blocked") | J13: =F13-G13 | K13: =IF(F13=0,0,G13/F13) | L13: =IF(F13=0,"Empty",IF(G13=F13,"Done",IF(G13+H13+I13>0,"In progress","Not started")))
A14: M7 | B14: Mobile app | C14: A mobile app on the same API and schemas | D14: Later | F14: =COUNTIFS(Backlog!$E$2:$E$500,$A14,Backlog!$J$2:$J$500,"<>Won't do") | G14: =COUNTIFS(Backlog!$E$2:$E$500,$A14,Backlog!$J$2:$J$500,"Done") | H14: =COUNTIFS(Backlog!$E$2:$E$500,$A14,Backlog!$J$2:$J$500,"In progress") | I14: =COUNTIFS(Backlog!$E$2:$E$500,$A14,Backlog!$J$2:$J$500,"Blocked") | J14: =F14-G14 | K14: =IF(F14=0,0,G14/F14) | L14: =IF(F14=0,"Empty",IF(G14=F14,"Done",IF(G14+H14+I14>0,"In progress","Not started")))
A15: M10 | B15: Platform admin | C15: Superadmin tools to run the platform: users, an overview, organizations and an audit log | D15: Next | F15: =COUNTIFS(Backlog!$E$2:$E$500,$A15,Backlog!$J$2:$J$500,"<>Won't do") | G15: =COUNTIFS(Backlog!$E$2:$E$500,$A15,Backlog!$J$2:$J$500,"Done") | H15: =COUNTIFS(Backlog!$E$2:$E$500,$A15,Backlog!$J$2:$J$500,"In progress") | I15: =COUNTIFS(Backlog!$E$2:$E$500,$A15,Backlog!$J$2:$J$500,"Blocked") | J15: =F15-G15 | K15: =IF(F15=0,0,G15/F15) | L15: =IF(F15=0,"Empty",IF(G15=F15,"Done",IF(G15+H15+I15>0,"In progress","Not started")))
A16: M11 | B16: Launch & growth | C16: The first users: official paths to study, outreach, feedback and the numbers that show what works | D16: Next | F16: =COUNTIFS(Backlog!$E$2:$E$500,$A16,Backlog!$J$2:$J$500,"<>Won't do") | G16: =COUNTIFS(Backlog!$E$2:$E$500,$A16,Backlog!$J$2:$J$500,"Done") | H16: =COUNTIFS(Backlog!$E$2:$E$500,$A16,Backlog!$J$2:$J$500,"In progress") | I16: =COUNTIFS(Backlog!$E$2:$E$500,$A16,Backlog!$J$2:$J$500,"Blocked") | J16: =F16-G16 | K16: =IF(F16=0,0,G16/F16) | L16: =IF(F16=0,"Empty",IF(G16=F16,"Done",IF(G16+H16+I16>0,"In progress","Not started")))
A17: Total | F17: =SUM(F5:F16) | G17: =SUM(G5:G16) | H17: =SUM(H5:H16) | I17: =SUM(I5:I16) | J17: =SUM(J5:J16) | K17: =IF(F17=0,0,G17/F17)

Sheet Backlog
A1: ID | B1: Title | C1: Description | D1: Area | E1: Milestone | F1: Milestone name | G1: Type | H1: Priority | I1: Size | J1: Status | K1: Depends on | L1: Owner | M1: Target date | N1: Done date | O1: Source | P1: Notes
A2: SL-001 | B2: Monorepo, API and shared packages | C2: Turborepo + Yarn workspaces; NestJS API; schemas, casl, database, logger, nestjs packages | D2: Backend | E2: M0 | F2: =IFERROR(INDEX(Roadmap!$B$5:$B$16,MATCH(E2,Roadmap!$A$5:$A$16,0)),"") | G2: Feature | H2: P1 | I2: XL | J2: Done | N2: 46290 | O2: README roadmap
A3: SL-002 | B3: Organizations, accounts and moderation API | C3: Organization management, account settings, path reports and moderation | D3: Backend | E3: M0 | F3: =IFERROR(INDEX(Roadmap!$B$5:$B$16,MATCH(E3,Roadmap!$A$5:$A$16,0)),"") | G3: Feature | H3: P1 | I3: L | J3: Done | N3: 46290 | O3: README roadmap
A4: SL-003 | B4: Migration CLI | C4: migration:generate/run/revert/show via nest-commander | D4: Tooling | E4: M0 | F4: =IFERROR(INDEX(Roadmap!$B$5:$B$16,MATCH(E4,Roadmap!$A$5:$A$16,0)),"") | G4: Feature | H4: P1 | I4: M | J4: Done | N4: 46290 | O4: README roadmap
A5: SL-004 | B5: Unit tests, 100% coverage and mutation testing | C5: Vitest everywhere, combined coverage report, Stryker | D5: Testing | E5: M0 | F5: =IFERROR(INDEX(Roadmap!$B$5:$B$16,MATCH(E5,Roadmap!$A$5:$A$16,0)),"") | G5: Chore | H5: P1 | I5: L | J5: Done | N5: 46291 | O5: README roadmap
A6: SL-005 | B6: Web app with homepage, login and session handling | C6: React + Vite app, API client, session restored from refresh cookie | D6: Frontend | E6: M0 | F6: =IFERROR(INDEX(Roadmap!$B$5:$B$16,MATCH(E6,Roadmap!$A$5:$A$16,0)),"") | G6: Feature | H6: P1 | I6: M | J6: Done | N6: 46291 | O6: README roadmap
A7: SL-006 | B7: Signup page | C7: /signup with client-side checks and API errors on fields | D7: Frontend | E7: M0 | F7: =IFERROR(INDEX(Roadmap!$B$5:$B$16,MATCH(E7,Roadmap!$A$5:$A$16,0)),"") | G7: Feature | H7: P1 | I7: S | J7: Done | N7: 46293 | O7: README roadmap
A8: SL-007 | B8: Automatic access-token renewal | C8: Retry once after POST /auth/refresh on a 401 with WWW-Authenticate: Bearer | D8: Frontend | E8: M0 | F8: =IFERROR(INDEX(Roadmap!$B$5:$B$16,MATCH(E8,Roadmap!$A$5:$A$16,0)),"") | G8: Feature | H8: P1 | I8: S | J8: Done | N8: 46294 | O8: README roadmap
A9: SL-008 | B9: db:seed dummy data | C9: Users, organizations, catalog, enrollments, progress and a month of sessions | D9: Tooling | E9: M0 | F9: =IFERROR(INDEX(Roadmap!$B$5:$B$16,MATCH(E9,Roadmap!$A$5:$A$16,0)),"") | G9: Feature | H9: P2 | I9: M | J9: Done | N9: 46294 | O9: README roadmap
A10: SL-009 | B10: Dashboard at /app | C10: Stats, streak, last 30 days, paths with progress, recent sessions | D10: Frontend | E10: M0 | F10: =IFERROR(INDEX(Roadmap!$B$5:$B$16,MATCH(E10,Roadmap!$A$5:$A$16,0)),"") | G10: Feature | H10: P1 | I10: M | J10: Done | N10: 46294 | O10: README roadmap
A11: SL-010 | B11: Study sessions page at /app/sessions | C11: History by day; log, edit and delete sessions | D11: Frontend | E11: M0 | F11: =IFERROR(INDEX(Roadmap!$B$5:$B$16,MATCH(E11,Roadmap!$A$5:$A$16,0)),"") | G11: Feature | H11: P1 | I11: M | J11: Done | N11: 46294 | O11: README roadmap
A12: SL-011 | B12: Learning path page at /app/paths/:id | C12: Progress at every level, item status, notes and exercises, log time | D12: Frontend | E12: M0 | F12: =IFERROR(INDEX(Roadmap!$B$5:$B$16,MATCH(E12,Roadmap!$A$5:$A$16,0)),"") | G12: Feature | H12: P1 | I12: M | J12: Done | N12: 46314 | O12: README roadmap
A13: SL-012 | B13: Catalog page | C13: Browse paths you can see (GET /catalog/paths); filter by source (official, mine, organizations, community) and search | D13: Frontend | E13: M1 | F13: =IFERROR(INDEX(Roadmap!$B$5:$B$16,MATCH(E13,Roadmap!$A$5:$A$16,0)),"") | G13: Feature | H13: P1 | I13: M | J13: Done | N13: 46314 | O13: README roadmap
A14: SL-013 | B14: Path preview before enrolling | C14: GET /catalog/paths/:pathId: modules, topics and items of a path, with an Enroll button | D14: Frontend | E14: M1 | F14: =IFERROR(INDEX(Roadmap!$B$5:$B$16,MATCH(E14,Roadmap!$A$5:$A$16,0)),"") | G14: Feature | H14: P1 | I14: M | J14: Done | K14: SL-012 | N14: 46318 | O14: README roadmap
A15: SL-014 | B15: Enroll in a path, optionally choosing parts | C15: POST /me/enrollments with include/exclude rules (e.g. "Arrays, but not Hashing") | D15: Frontend | E15: M1 | F15: =IFERROR(INDEX(Roadmap!$B$5:$B$16,MATCH(E15,Roadmap!$A$5:$A$16,0)),"") | G15: Feature | H15: P1 | I15: L | J15: Done | K15: SL-013 | N15: 46318 | O15: README roadmap
A16: SL-015 | B16: Manage an enrollment | C16: Pause, resume, drop (PATCH status), unenroll, edit rules (PUT .../rules) from the path page | D16: Frontend | E16: M1 | F16: =IFERROR(INDEX(Roadmap!$B$5:$B$16,MATCH(E16,Roadmap!$A$5:$A$16,0)),"") | G16: Feature | H16: P1 | I16: M | J16: Done | K16: SL-014 | N16: 46318 | O16: Proposed
A17: SL-016 | B17: Custom order in a path | C17: Reorder modules, topics and items (PUT .../orders/...), and reset to the admin order | D17: Frontend | E17: M1 | F17: =IFERROR(INDEX(Roadmap!$B$5:$B$16,MATCH(E17,Roadmap!$A$5:$A$16,0)),"") | G17: Feature | H17: P2 | I17: M | J17: Done | N17: 46318 | O17: Proposed
A18: SL-017 | B18: Reorder paths on the dashboard | C18: Drag or move paths; PUT /me/enrollments/order | D18: Frontend | E18: M1 | F18: =IFERROR(INDEX(Roadmap!$B$5:$B$16,MATCH(E18,Roadmap!$A$5:$A$16,0)),"") | G18: Feature | H18: P3 | I18: S | J18: Done | N18: 46318 | O18: Proposed
A19: SL-018 | B19: Account settings page | C19: Edit name (PATCH /auth/me), change password, delete account | D19: Frontend | E19: M1 | F19: =IFERROR(INDEX(Roadmap!$B$5:$B$16,MATCH(E19,Roadmap!$A$5:$A$16,0)),"") | G19: Feature | H19: P2 | I19: M | J19: Done | N19: 46318 | O19: Proposed
A20: SL-019 | B20: Update README intro | C20: Top of README still says apps/web is "empty for now" | D20: Docs | E20: M1 | F20: =IFERROR(INDEX(Roadmap!$B$5:$B$16,MATCH(E20,Roadmap!$A$5:$A$16,0)),"") | G20: Chore | H20: P3 | I20: XS | J20: Done | N20: 46318 | O20: Proposed
A21: SL-020 | B21: CI with GitHub Actions | C21: On every push/PR: build, lint, yarn test:cov, migration:generate --check, incremental mutation testing | D21: DevOps | E21: M2 | F21: =IFERROR(INDEX(Roadmap!$B$5:$B$16,MATCH(E21,Roadmap!$A$5:$A$16,0)),"") | G21: Chore | H21: P1 | I21: M | J21: Done | N21: 46319 | O21: README roadmap | P21: PRs only: lint, build, unit tests with coverage (posted on the PR) and the Playwright UI tests; turbo and Playwright caching. migration:generate --check and mutation testing moved to SL-080.
A22: SL-021 | B22: Branch protection on master | C22: PRs only, CI must pass, no force pushes (needs GitHub Pro or a public repo) | D22: DevOps | E22: M2 | F22: =IFERROR(INDEX(Roadmap!$B$5:$B$16,MATCH(E22,Roadmap!$A$5:$A$16,0)),"") | G22: Chore | H22: P2 | I22: XS | J22: Done | K22: SL-020 | N22: 46321 | O22: README roadmap | P22: Ruleset (branchruleset.json) active on master, checked through the GitHub API on 2026-10-26: no deletion, no force pushes, PRs only, both CI checks required.
A23: SL-022 | B23: Pre-commit hooks | C23: husky + lint-staged: lint and related tests on committed files | D23: DevOps | E23: M2 | F23: =IFERROR(INDEX(Roadmap!$B$5:$B$16,MATCH(E23,Roadmap!$A$5:$A$16,0)),"") | G23: Chore | H23: P2 | I23: S | J23: Not started | O23: README roadmap
A24: SL-023 | B24: Dockerfile and deployment | C24: Container images, migration:run as a release step | D24: DevOps | E24: M2 | F24: =IFERROR(INDEX(Roadmap!$B$5:$B$16,MATCH(E24,Roadmap!$A$5:$A$16,0)),"") | G24: Feature | H24: P1 | I24: L | J24: Done | N24: 46319 | O24: README roadmap | P24: Images built by GitHub Actions to GHCR; deployed on Civo k3s (deploy/civo), live at https://gradiaqo.com. Migrations run in an init container before the API starts.
A25: SL-024 | B25: Check production settings | C25: NODE_ENV=production, COOKIE_SECURE=true, SWAGGER_ENABLED=false, LOG_PRETTY=false, TRUST_PROXY | D25: DevOps | E25: M2 | F25: =IFERROR(INDEX(Roadmap!$B$5:$B$16,MATCH(E25,Roadmap!$A$5:$A$16,0)),"") | G25: Chore | H25: P1 | I25: S | J25: Done | K25: SL-023 | N25: 46319 | O25: README roadmap | P25: deploy/k8s/config.env: production, secure cookies, Swagger off, TRUST_PROXY=2 (Traefik + Caddy). SMTP on port 2525: Civo blocks 25/465/587.
A26: SL-025 | B26: Dependency updates and audit | C26: Dependabot or Renovate; yarn npm audit in CI | D26: DevOps | E26: M2 | F26: =IFERROR(INDEX(Roadmap!$B$5:$B$16,MATCH(E26,Roadmap!$A$5:$A$16,0)),"") | G26: Chore | H26: P2 | I26: S | J26: Not started | K26: SL-020 | O26: README roadmap
A27: SL-026 | B27: Error tracking | C27: e.g. Sentry for API and web | D27: Operations | E27: M2 | F27: =IFERROR(INDEX(Roadmap!$B$5:$B$16,MATCH(E27,Roadmap!$A$5:$A$16,0)),"") | G27: Feature | H27: P1 | I27: S | J27: Not started | K27: SL-023 | O27: README roadmap
A28: SL-027 | B28: Graceful shutdown | C28: Close database connections cleanly on deploy | D28: Operations | E28: M2 | F28: =IFERROR(INDEX(Roadmap!$B$5:$B$16,MATCH(E28,Roadmap!$A$5:$A$16,0)),"") | G28: Chore | H28: P2 | I28: S | J28: Not started | O28: README roadmap
A29: SL-028 | B29: Metrics | C29: Request counts, latency, database timing | D29: Operations | E29: M2 | F29: =IFERROR(INDEX(Roadmap!$B$5:$B$16,MATCH(E29,Roadmap!$A$5:$A$16,0)),"") | G29: Feature | H29: P3 | I29: M | J29: Not started | K29: SL-023 | O29: README roadmap
A30: SL-029 | B30: Rate limits in a shared store | C30: Move counters from memory to e.g. Redis before running more than one API instance | D30: Backend | E30: M2 | F30: =IFERROR(INDEX(Roadmap!$B$5:$B$16,MATCH(E30,Roadmap!$A$5:$A$16,0)),"") | G30: Chore | H30: P2 | I30: M | J30: Not started | O30: README roadmap
A31: SL-030 | B31: Set up an email provider | C31: Resend, SendGrid or Amazon SES; SMTP for development | D31: Backend | E31: M3 | F31: =IFERROR(INDEX(Roadmap!$B$5:$B$16,MATCH(E31,Roadmap!$A$5:$A$16,0)),"") | G31: Feature | H31: P1 | I31: M | J31: Done | N31: 46318 | O31: README roadmap
A32: SL-031 | B32: Email verification at signup | C32: OTP/code sent at signup; API + web screen | D32: Backend | E32: M3 | F32: =IFERROR(INDEX(Roadmap!$B$5:$B$16,MATCH(E32,Roadmap!$A$5:$A$16,0)),"") | G32: Feature | H32: P1 | I32: M | J32: Done | K32: SL-030 | N32: 46318 | O32: README roadmap
A33: SL-032 | B33: Password reset | C33: Forgot-password flow; API + web pages | D33: Backend | E33: M3 | F33: =IFERROR(INDEX(Roadmap!$B$5:$B$16,MATCH(E33,Roadmap!$A$5:$A$16,0)),"") | G33: Feature | H33: P1 | I33: M | J33: Done | K33: SL-030 | N33: 46318 | O33: README roadmap
A34: SL-033 | B34: Change your email | C34: Verify the new address before switching | D34: Backend | E34: M3 | F34: =IFERROR(INDEX(Roadmap!$B$5:$B$16,MATCH(E34,Roadmap!$A$5:$A$16,0)),"") | G34: Feature | H34: P2 | I34: M | J34: Done | K34: SL-030 | N34: 46318 | O34: README roadmap
A35: SL-034 | B35: Send invitation emails | C35: Today invited people only see them in GET /me/invitations | D35: Backend | E35: M3 | F35: =IFERROR(INDEX(Roadmap!$B$5:$B$16,MATCH(E35,Roadmap!$A$5:$A$16,0)),"") | G35: Feature | H35: P2 | I35: S | J35: Done | K35: SL-030 | N35: 46318 | O35: README roadmap | P35: Accepting invitations in the web app comes with SL-036
A36: SL-035 | B36: Organizations page | C36: Create, rename and delete organizations; members and roles; leave | D36: Frontend | E36: M4 | F36: =IFERROR(INDEX(Roadmap!$B$5:$B$16,MATCH(E36,Roadmap!$A$5:$A$16,0)),"") | G36: Feature | H36: P2 | I36: L | J36: Done | N36: 46318 | O36: Proposed
A37: SL-036 | B37: Invitations in the web app | C37: Owners/admins invite and revoke; users accept or decline (GET /me/invitations) | D37: Frontend | E37: M4 | F37: =IFERROR(INDEX(Roadmap!$B$5:$B$16,MATCH(E37,Roadmap!$A$5:$A$16,0)),"") | G37: Feature | H37: P2 | I37: M | J37: Done | K37: SL-035 | N37: 46318 | O37: Proposed
A38: SL-037 | B38: Build your own learning paths | C38: Create paths, modules, topics and items in your workspace; reorder; private/public | D38: Frontend | E38: M4 | F38: =IFERROR(INDEX(Roadmap!$B$5:$B$16,MATCH(E38,Roadmap!$A$5:$A$16,0)),"") | G38: Feature | H38: P2 | I38: XL | J38: Done | N38: 46314 | O38: Proposed
A39: SL-038 | B39: Link global items into your paths | C39: Search GET /catalog/items and link published items into your topics | D39: Frontend | E39: M4 | F39: =IFERROR(INDEX(Roadmap!$B$5:$B$16,MATCH(E39,Roadmap!$A$5:$A$16,0)),"") | G39: Feature | H39: P3 | I39: M | J39: Done | K39: SL-037 | N39: 46314 | O39: Proposed
A40: SL-039 | B40: Report a public path | C40: POST /catalog/paths/:pathId/reports from the catalog | D40: Frontend | E40: M4 | F40: =IFERROR(INDEX(Roadmap!$B$5:$B$16,MATCH(E40,Roadmap!$A$5:$A$16,0)),"") | G40: Feature | H40: P3 | I40: S | J40: Done | K40: SL-013 | N40: 46318 | O40: Proposed
A41: SL-040 | B41: Admin: global catalog editor | C41: Superadmin UI for /admin/catalog: drafts, publish, archive, order | D41: Frontend | E41: M4 | F41: =IFERROR(INDEX(Roadmap!$B$5:$B$16,MATCH(E41,Roadmap!$A$5:$A$16,0)),"") | G41: Feature | H41: P2 | I41: XL | J41: Done | N41: 46318 | O41: Proposed
A42: SL-041 | B42: Admin: moderation queue | C42: Review reports (GET /admin/reports): dismiss or hide the path | D42: Frontend | E42: M4 | F42: =IFERROR(INDEX(Roadmap!$B$5:$B$16,MATCH(E42,Roadmap!$A$5:$A$16,0)),"") | G42: Feature | H42: P3 | I42: M | J42: Done | N42: 46318 | O42: Proposed
A43: SL-042 | B43: Un-hide a path hidden by mistake | C43: Superadmin clears publicBlockedAt (API) | D43: Backend | E43: M4 | F43: =IFERROR(INDEX(Roadmap!$B$5:$B$16,MATCH(E43,Roadmap!$A$5:$A$16,0)),"") | G43: Feature | H43: P3 | I43: S | J43: Done | N43: 46318 | O43: README roadmap
A44: SL-043 | B44: Study reminders / notifications | C44: e.g. "You haven't studied today, keep your streak" | D44: Backend | E44: M5 | F44: =IFERROR(INDEX(Roadmap!$B$5:$B$16,MATCH(E44,Roadmap!$A$5:$A$16,0)),"") | G44: Feature | H44: P2 | I44: L | J44: Not started | K44: SL-030 | O44: README roadmap
A45: SL-044 | B45: Data export | C45: Users download their progress and study sessions | D45: Backend | E45: M5 | F45: =IFERROR(INDEX(Roadmap!$B$5:$B$16,MATCH(E45,Roadmap!$A$5:$A$16,0)),"") | G45: Feature | H45: P3 | I45: M | J45: Not started | O45: README roadmap
A46: SL-045 | B46: Pagination for paths and enrollments | C46: GET /catalog/paths and GET /me/enrollments return everything today; API + web | D46: Backend | E46: M5 | F46: =IFERROR(INDEX(Roadmap!$B$5:$B$16,MATCH(E46,Roadmap!$A$5:$A$16,0)),"") | G46: Feature | H46: P2 | I46: M | J46: Not started | O46: README roadmap
A47: SL-046 | B47: Batch enrollment progress counting | C47: GET /me/enrollments builds each path tree one by one; batch it | D47: Backend | E47: M5 | F47: =IFERROR(INDEX(Roadmap!$B$5:$B$16,MATCH(E47,Roadmap!$A$5:$A$16,0)),"") | G47: Chore | H47: P3 | I47: M | J47: Not started | O47: README roadmap
A48: SL-047 | B48: Raise mutation scores and set a minimum | C48: Last run: total 71.6%; schemas 10.9%, nestjs 2.8%, database 58.3%. Set thresholds.break | D48: Testing | E48: M6 | F48: =IFERROR(INDEX(Roadmap!$B$5:$B$16,MATCH(E48,Roadmap!$A$5:$A$16,0)),"") | G48: Chore | H48: P2 | I48: L | J48: Not started | O48: README roadmap
A49: SL-048 | B49: Contract snapshot of every schema | C49: Most surviving mutants are in schemas and nestjs | D49: Testing | E49: M6 | F49: =IFERROR(INDEX(Roadmap!$B$5:$B$16,MATCH(E49,Roadmap!$A$5:$A$16,0)),"") | G49: Chore | H49: P2 | I49: M | J49: Not started | O49: README roadmap
A50: SL-049 | B50: Request schemas reject unknown fields | C50: Plus date formats and numeric limits | D50: Testing | E50: M6 | F50: =IFERROR(INDEX(Roadmap!$B$5:$B$16,MATCH(E50,Roadmap!$A$5:$A$16,0)),"") | G50: Chore | H50: P2 | I50: S | J50: Not started | O50: README roadmap
A51: SL-050 | B51: End-to-end tests against a real database | C51: Permissions, visibility, the SQL the unit tests fake | D51: Testing | E51: M6 | F51: =IFERROR(INDEX(Roadmap!$B$5:$B$16,MATCH(E51,Roadmap!$A$5:$A$16,0)),"") | G51: Chore | H51: P2 | I51: L | J51: Not started | O51: README roadmap
A52: SL-051 | B52: Property-based tests | C52: fast-check for enrollment rules and ordering, streaks and dates, slugs | D52: Testing | E52: M6 | F52: =IFERROR(INDEX(Roadmap!$B$5:$B$16,MATCH(E52,Roadmap!$A$5:$A$16,0)),"") | G52: Chore | H52: P3 | I52: M | J52: Not started | O52: README roadmap
A53: SL-052 | B53: Type-check mutants | C53: @stryker-mutator/typescript-checker for more accurate scores | D53: Testing | E53: M6 | F53: =IFERROR(INDEX(Roadmap!$B$5:$B$16,MATCH(E53,Roadmap!$A$5:$A$16,0)),"") | G53: Chore | H53: P3 | I53: S | J53: Not started | O53: README roadmap
A54: SL-053 | B54: Replace starter READMEs | C54: apps/api and apps/cli still have the NestJS starter READMEs | D54: Docs | E54: M6 | F54: =IFERROR(INDEX(Roadmap!$B$5:$B$16,MATCH(E54,Roadmap!$A$5:$A$16,0)),"") | G54: Chore | H54: P3 | I54: S | J54: Not started | O54: README roadmap
A55: SL-054 | B55: Architecture overview | C55: Catalog, enrollments, permissions | D55: Docs | E55: M6 | F55: =IFERROR(INDEX(Roadmap!$B$5:$B$16,MATCH(E55,Roadmap!$A$5:$A$16,0)),"") | G55: Chore | H55: P3 | I55: M | J55: Not started | O55: README roadmap
A56: SL-055 | B56: Mobile app | C56: Choose the stack (e.g. React Native/Expo reusing @studylog/schemas); login, dashboard, log a session, path page | D56: Mobile | E56: M7 | F56: =IFERROR(INDEX(Roadmap!$B$5:$B$16,MATCH(E56,Roadmap!$A$5:$A$16,0)),"") | G56: Feature | H56: P3 | I56: XL | J56: Not started | O56: README roadmap
A57: SL-056 | B57: Design system in Figma | C57: Variables (colors, spacing, radius) with CSS names, text and shadow styles, 21 components and 46 icons in "StudyLog – App Design" | D57: Design | E57: M8 | F57: =IFERROR(INDEX(Roadmap!$B$5:$B$16,MATCH(E57,Roadmap!$A$5:$A$16,0)),"") | G57: Chore | H57: P1 | I57: L | J57: Done | N57: 46314 | O57: Figma design
A58: SL-057 | B58: Figma: all web screens | C58: 46 screens: current pages, M1, M3 and M4 screens, loading and error states, dialogs, 390px phone layouts | D58: Design | E58: M8 | F58: =IFERROR(INDEX(Roadmap!$B$5:$B$16,MATCH(E58,Roadmap!$A$5:$A$16,0)),"") | G58: Chore | H58: P1 | I58: XL | J58: Done | K58: SL-056 | N58: 46314 | O58: Figma design
A59: SL-058 | B59: Figma: Analytics and Interview ready | C59: Analytics, Interview ready and the set-a-goal dialog; sidebar gains both links | D59: Design | E59: M8 | F59: =IFERROR(INDEX(Roadmap!$B$5:$B$16,MATCH(E59,Roadmap!$A$5:$A$16,0)),"") | G59: Chore | H59: P1 | I59: M | J59: Done | K59: SL-056 | N59: 46314 | O59: Figma design
A60: SL-059 | B60: Design tokens in code | C60: Replace index.css tokens with the Figma variables (same CSS names), light and dark values, spacing and radius scales | D60: Frontend | E60: M8 | F60: =IFERROR(INDEX(Roadmap!$B$5:$B$16,MATCH(E60,Roadmap!$A$5:$A$16,0)),"") | G60: Chore | H60: P1 | I60: M | J60: Done | K60: SL-056 | N60: 46314 | O60: Figma design
A61: SL-060 | B61: Load Inter and JetBrains Mono | C61: Fonts are not loaded today, so pages use the system font | D61: Frontend | E61: M8 | F61: =IFERROR(INDEX(Roadmap!$B$5:$B$16,MATCH(E61,Roadmap!$A$5:$A$16,0)),"") | G61: Bug | H61: P1 | I61: XS | J61: Done | N61: 46314 | O61: Figma design
A62: SL-061 | B62: App shell: sidebar navigation | C62: Dark sidebar: Dashboard, Browse paths, Sessions, Analytics, Interview ready, My paths, Organizations, Admin (superadmins), Settings; account and log out | D62: Frontend | E62: M8 | F62: =IFERROR(INDEX(Roadmap!$B$5:$B$16,MATCH(E62,Roadmap!$A$5:$A$16,0)),"") | G62: Feature | H62: P1 | I62: M | J62: Done | K62: SL-059 | N62: 46314 | O62: Figma design
A63: SL-062 | B63: Phone layout: top bar and menu | C63: 390px: top bar with menu, slide-in navigation, stacked page layouts | D63: Frontend | E63: M8 | F63: =IFERROR(INDEX(Roadmap!$B$5:$B$16,MATCH(E63,Roadmap!$A$5:$A$16,0)),"") | G63: Feature | H63: P2 | I63: M | J63: Done | K63: SL-061 | N63: 46314 | O63: Figma design
A64: SL-063 | B64: Restyle login and signup | C64: Split layout with the dark brand panel | D64: Frontend | E64: M8 | F64: =IFERROR(INDEX(Roadmap!$B$5:$B$16,MATCH(E64,Roadmap!$A$5:$A$16,0)),"") | G64: Chore | H64: P2 | I64: S | J64: Done | K64: SL-059 | N64: 46314 | O64: Figma design
A65: SL-064 | B65: Restyle homepage | C65: Hero with product preview, features, how it works, call to action | D65: Frontend | E65: M8 | F65: =IFERROR(INDEX(Roadmap!$B$5:$B$16,MATCH(E65,Roadmap!$A$5:$A$16,0)),"") | G65: Chore | H65: P2 | I65: M | J65: Done | K65: SL-059 | N65: 46314 | O65: Figma design
A66: SL-065 | B66: Restyle dashboard | C66: Stat tiles, path progress rows, 30-day chart, recent sessions, empty state | D66: Frontend | E66: M8 | F66: =IFERROR(INDEX(Roadmap!$B$5:$B$16,MATCH(E66,Roadmap!$A$5:$A$16,0)),"") | G66: Chore | H66: P1 | I66: M | J66: Done | K66: SL-061 | N66: 46314 | O66: Figma design
A67: SL-066 | B67: Restyle sessions page | C67: Day cards, session rows, log form, inline delete confirmation | D67: Frontend | E67: M8 | F67: =IFERROR(INDEX(Roadmap!$B$5:$B$16,MATCH(E67,Roadmap!$A$5:$A$16,0)),"") | G67: Chore | H67: P1 | I67: M | J67: Done | K67: SL-061 | N67: 46314 | O67: Figma design
A68: SL-067 | B68: Restyle path page | C68: Module cards, topic accordions, item rows with status select, notes and exercises | D68: Frontend | E68: M8 | F68: =IFERROR(INDEX(Roadmap!$B$5:$B$16,MATCH(E68,Roadmap!$A$5:$A$16,0)),"") | G68: Chore | H68: P1 | I68: M | J68: Done | K68: SL-061 | N68: 46314 | O68: Figma design
A69: SL-068 | B69: Loading skeletons and error states | C69: Per the Figma States section | D69: Frontend | E69: M8 | F69: =IFERROR(INDEX(Roadmap!$B$5:$B$16,MATCH(E69,Roadmap!$A$5:$A$16,0)),"") | G69: Chore | H69: P2 | I69: S | J69: Done | K69: SL-059 | N69: 46318 | O69: Figma design | P69: Every page: grey blocks in its shape while loading; errors as the Figma alert with Try again (or Browse paths)
A70: SL-069 | B70: Update UI tests for the redesign | C70: Playwright flows and selectors after the restyle | D70: Testing | E70: M8 | F70: =IFERROR(INDEX(Roadmap!$B$5:$B$16,MATCH(E70,Roadmap!$A$5:$A$16,0)),"") | G70: Chore | H70: P1 | I70: S | J70: Done | K70: SL-065 | N70: 46314 | O70: Figma design
A71: SL-070 | B71: Analytics API | C71: GET /me/analytics?period=&pathId=: time per week and per path, item status, difficulty, study habits, needs-focus topics (no new tables) | D71: Backend | E71: M9 | F71: =IFERROR(INDEX(Roadmap!$B$5:$B$16,MATCH(E71,Roadmap!$A$5:$A$16,0)),"") | G71: Feature | H71: P1 | I71: L | J71: Done | N71: 46314 | O71: Figma design
A72: SL-071 | B72: Analytics page | C72: Web page per Figma (Insights · Analytics) | D72: Frontend | E72: M9 | F72: =IFERROR(INDEX(Roadmap!$B$5:$B$16,MATCH(E72,Roadmap!$A$5:$A$16,0)),"") | G72: Feature | H72: P1 | I72: L | J72: Done | K72: SL-070 | N72: 46318 | O72: Figma design
A73: SL-072 | B73: Interview goal | C73: Table and migration (name, date, paths); GET/PUT/DELETE /me/interview-goal | D73: Backend | E73: M9 | F73: =IFERROR(INDEX(Roadmap!$B$5:$B$16,MATCH(E73,Roadmap!$A$5:$A$16,0)),"") | G73: Feature | H73: P1 | I73: M | J73: Done | N73: 46314 | O73: Figma design
A74: SL-073 | B74: Readiness API | C74: GET /me/readiness: score (coverage 40, depth 25, revision 15, consistency 20), checks, pace, next steps | D74: Backend | E74: M9 | F74: =IFERROR(INDEX(Roadmap!$B$5:$B$16,MATCH(E74,Roadmap!$A$5:$A$16,0)),"") | G74: Feature | H74: P1 | I74: L | J74: Done | K74: SL-072 | N74: 46314 | O74: Figma design
A75: SL-074 | B75: Interview ready page | C75: Score ring, category checks, next steps, set-a-goal dialog (Figma Insights section) | D75: Frontend | E75: M9 | F75: =IFERROR(INDEX(Roadmap!$B$5:$B$16,MATCH(E75,Roadmap!$A$5:$A$16,0)),"") | G75: Feature | H75: P1 | I75: L | J75: Done | K75: SL-073 | N75: 46318 | O75: Figma design
A76: SL-075 | B76: Tests for insights | C76: Unit tests at 100% coverage; UI tests for Analytics and Interview ready | D76: Testing | E76: M9 | F76: =IFERROR(INDEX(Roadmap!$B$5:$B$16,MATCH(E76,Roadmap!$A$5:$A$16,0)),"") | G76: Chore | H76: P1 | I76: M | J76: Done | K76: SL-074 | N76: 46318 | O76: Figma design | P76: API unit tests done (100%); UI tests come with the pages
A77: SL-076 | B77: Database backups off the server | C77: Nightly pg_dump as a Kubernetes CronJob, uploaded to object storage outside Civo (Cloudflare R2 or Backblaze B2 free tier, or Civo Object Store about $5.43/month); keep 30 days; test a restore | D77: Operations | E77: M2 | F77: =IFERROR(INDEX(Roadmap!$B$5:$B$16,MATCH(E77,Roadmap!$A$5:$A$16,0)),"") | G77: Feature | H77: P1 | I77: M | J77: Not started | K77: SL-023 | O77: Proposed | P77: The database volume is set to Retain, but that is not a backup. Decide the storage first.
A78: SL-077 | B78: Finish Brevo email authentication | C78: Merge SPF into one record (v=spf1 include:zoho.in include:spf.brevo.com ~all); Authenticate the domain in Brevo; check DKIM and DMARC pass in Gmail ("Show original") | D78: Operations | E78: M2 | F78: =IFERROR(INDEX(Roadmap!$B$5:$B$16,MATCH(E78,Roadmap!$A$5:$A$16,0)),"") | G78: Chore | H78: P1 | I78: XS | J78: Done | N78: 46321 | O78: Proposed | P78: Checked in public DNS on 2026-10-26: one SPF record with Zoho and Brevo, DKIM brevo1/brevo2, DMARC and brevo-code all live. Later: DMARC p=none → p=quarantine after a few weeks of clean reports.
A79: SL-078 | B79: Redirect www to gradiaqo.com | C79: www.gradiaqo.com has a CNAME but no certificate or route: add it to the Ingress and certificate, redirecting to the bare domain | D79: DevOps | E79: M2 | F79: =IFERROR(INDEX(Roadmap!$B$5:$B$16,MATCH(E79,Roadmap!$A$5:$A$16,0)),"") | G79: Bug | H79: P2 | I79: XS | J79: Not started | K79: SL-023 | O79: Proposed
A80: SL-079 | B80: Uptime monitoring | C80: External check on https://gradiaqo.com/health (e.g. UptimeRobot or Better Stack) with email alerts | D80: Operations | E80: M2 | F80: =IFERROR(INDEX(Roadmap!$B$5:$B$16,MATCH(E80,Roadmap!$A$5:$A$16,0)),"") | G80: Feature | H80: P2 | I80: XS | J80: Not started | K80: SL-023 | O80: Proposed
A81: SL-080 | B81: CI: migration check and mutation testing | C81: The parts of SL-020 not built yet: migration:generate --check (entities and migrations agree) and incremental mutation testing on pull requests | D81: DevOps | E81: M2 | F81: =IFERROR(INDEX(Roadmap!$B$5:$B$16,MATCH(E81,Roadmap!$A$5:$A$16,0)),"") | G81: Chore | H81: P3 | I81: S | J81: Not started | K81: SL-020 | O81: Proposed
A82: SL-081 | B82: Shorter SMTP timeouts | C82: When the mail server can't be reached, signup waits about 30 s for the connection to time out; set nodemailer connection and greeting timeouts of a few seconds | D82: Backend | E82: M2 | F82: =IFERROR(INDEX(Roadmap!$B$5:$B$16,MATCH(E82,Roadmap!$A$5:$A$16,0)),"") | G82: Bug | H82: P2 | I82: XS | J82: Not started | O82: Proposed | P82: Seen on the first production signup, before SMTP moved to port 2525.
A83: SL-082 | B83: Rebrand the app to Gradiaqo | C83: The web app, page titles, homepage and image names still say StudyLog; emails already say Gradiaqo (BRAND in apps/api/src/mail/templates.ts) | D83: Frontend | E83: M2 | F83: =IFERROR(INDEX(Roadmap!$B$5:$B$16,MATCH(E83,Roadmap!$A$5:$A$16,0)),"") | G83: Chore | H83: P2 | I83: M | J83: Not started | O83: Proposed
A84: SL-083 | B84: CLI: user:promote | C84: yarn cli user:promote <email> (and --demote) to make a superadmin without SQL; documented in deploy/k8s/README.md | D84: Tooling | E84: M10 | F84: =IFERROR(INDEX(Roadmap!$B$5:$B$16,MATCH(E84,Roadmap!$A$5:$A$16,0)),"") | G84: Feature | H84: P1 | I84: XS | J84: Not started | O84: Proposed | P84: The first superadmin was set with a manual UPDATE on 2026-10-24.
A85: SL-084 | B85: Admin users API | C85: GET /admin/users (search by email or name, paginated; verified, role, created, last login if tracked), PATCH platform role, DELETE an account (spam) | D85: Backend | E85: M10 | F85: =IFERROR(INDEX(Roadmap!$B$5:$B$16,MATCH(E85,Roadmap!$A$5:$A$16,0)),"") | G85: Feature | H85: P1 | I85: M | J85: Not started | O85: Proposed
A86: SL-085 | B86: Admin users page | C86: /app/admin/users: search, verified badge, promote or demote superadmin, remove an account with confirmation; sidebar link | D86: Frontend | E86: M10 | F86: =IFERROR(INDEX(Roadmap!$B$5:$B$16,MATCH(E86,Roadmap!$A$5:$A$16,0)),"") | G86: Feature | H86: P1 | I86: L | J86: Not started | K86: SL-084 | O86: Proposed
A87: SL-086 | B87: Admin platform overview | C87: Sign-ups per day, active learners, verified vs unverified accounts, most-enrolled paths; API and page; becomes the /app/admin landing page (today it redirects to the catalog) | D87: Frontend | E87: M10 | F87: =IFERROR(INDEX(Roadmap!$B$5:$B$16,MATCH(E87,Roadmap!$A$5:$A$16,0)),"") | G87: Feature | H87: P2 | I87: L | J87: Not started | O87: Proposed
A88: SL-087 | B88: Admin organizations oversight | C88: List every organization with its members and paths, for abuse and support requests; API and page | D88: Frontend | E88: M10 | F88: =IFERROR(INDEX(Roadmap!$B$5:$B$16,MATCH(E88,Roadmap!$A$5:$A$16,0)),"") | G88: Feature | H88: P3 | I88: M | J88: Not started | O88: Proposed
A89: SL-088 | B89: Admin audit log | C89: Record who hid, un-hid, published, archived or promoted what and when; a page to browse it | D89: Backend | E89: M10 | F89: =IFERROR(INDEX(Roadmap!$B$5:$B$16,MATCH(E89,Roadmap!$A$5:$A$16,0)),"") | G89: Feature | H89: P3 | I89: M | J89: Not started | O89: Proposed
A90: SL-089 | B90: SEO basics | C90: A title and description per public page (home, login, signup) under the Gradiaqo name; Open Graph and Twitter tags with a 1200×630 share image, so shared links show a card; robots.txt (allow /, disallow /app/) and sitemap.xml served by Caddy; noindex on /app pages; favicon.ico | D90: Frontend | E90: M2 | F90: =IFERROR(INDEX(Roadmap!$B$5:$B$16,MATCH(E90,Roadmap!$A$5:$A$16,0)),"") | G90: Feature | H90: P2 | I90: M | J90: Not started | K90: SL-082 | O90: Proposed | P90: Today every page is titled "StudyLog", there are no preview tags, and robots.txt and sitemap.xml return the API's 404.
A91: SL-090 | B91: Pre-render the homepage | C91: Render the homepage to static HTML at build time, so search engines and link previews (WhatsApp, LinkedIn, Slack) see its content instead of an empty <div id="root"> | D91: Frontend | E91: M2 | F91: =IFERROR(INDEX(Roadmap!$B$5:$B$16,MATCH(E91,Roadmap!$A$5:$A$16,0)),"") | G91: Feature | H91: P2 | I91: M | J91: Not started | K91: SL-089 | O91: Proposed
A92: SL-091 | B92: Google Search Console | C92: Verify gradiaqo.com with a DNS TXT record at Hostinger, submit sitemap.xml, check indexing and search queries | D92: Operations | E92: M2 | F92: =IFERROR(INDEX(Roadmap!$B$5:$B$16,MATCH(E92,Roadmap!$A$5:$A$16,0)),"") | G92: Chore | H92: P2 | I92: XS | J92: Not started | K92: SL-089 | O92: Proposed
A93: SL-092 | B93: Public learning-path pages | C93: Read-only public pages for selected official paths (e.g. DSA, system design) with "Sign up to start": the pages people would find through search. Today the catalog is behind login | D93: Frontend | E93: M5 | F93: =IFERROR(INDEX(Roadmap!$B$5:$B$16,MATCH(E93,Roadmap!$A$5:$A$16,0)),"") | G93: Feature | H93: P3 | I93: XL | J93: Not started | K93: SL-089 | O93: Proposed | P93: A product decision first: which paths, and how much of each to show logged out.
A94: SL-093 | B94: Dark theme design in Figma | C94: Dark mode for the Figma variables and a pass over the screens (charts, badges, dialogs), so the dark values are designed rather than guessed | D94: Design | E94: M8 | F94: =IFERROR(INDEX(Roadmap!$B$5:$B$16,MATCH(E94,Roadmap!$A$5:$A$16,0)),"") | G94: Chore | H94: P3 | I94: M | J94: Done | K94: SL-056 | N94: 46321 | O94: Proposed | P94: Figma Starter plan allows one mode per collection, so dark is a separate "Color – Dark" collection (same names and CSS names; edit both together), plus Shadow/Dark/* styles and color/bg/scrim. 11 dark screens in Screens – Web › Dark · key screens.
A95: SL-094 | B95: Dark theme in the web app | C95: Follow the system setting by default, with Light / Dark / System in Settings (remembered); set before the first paint so pages don't flash; check every page, chart and dialog in both themes; UI tests for the switch | D95: Frontend | E95: M8 | F95: =IFERROR(INDEX(Roadmap!$B$5:$B$16,MATCH(E95,Roadmap!$A$5:$A$16,0)),"") | G95: Feature | H95: P2 | I95: M | J95: Done | K95: SL-093 | N95: 46321 | O95: Proposed | P95: Settings › Appearance (Light / Dark / System), remembered per browser; src/theme/theme.ts and a pre-paint script in index.html. Dark fixes: accent hover violet/600 (AA), --color-scrim, accent-tint CTA band. Deployed to gradiaqo.com 2026-10-26.
A96: SL-095 | B96: Publish the first official paths | C96: 3–5 interview-prep paths in the admin catalog editor, well ordered with good free resources: DSA (arrays to DP), system design basics, SQL, JavaScript/React or CS fundamentals (OS, DBMS, networks). Quality over quantity | D96: Content | E96: M11 | F96: =IFERROR(INDEX(Roadmap!$B$5:$B$16,MATCH(E96,Roadmap!$A$5:$A$16,0)),"") | G96: Feature | H96: P1 | I96: L | J96: Not started | O96: Proposed | P96: On 2026-10-24 production had 0 learning paths: a new user finds nothing to study. Do this before any outreach.
A97: SL-096 | B97: Feedback link and early-user group | C97: A "Feedback" link in the app (to a form) and a WhatsApp or Telegram group for early users | D97: Frontend | E97: M11 | F97: =IFERROR(INDEX(Roadmap!$B$5:$B$16,MATCH(E97,Roadmap!$A$5:$A$16,0)),"") | G97: Feature | H97: P1 | I97: XS | J97: Not started | O97: Proposed
A98: SL-097 | B98: First 10–30 users, one by one | C98: Personal messages to friends, juniors and ex-colleagues preparing for interviews ("try the DSA path for a week and tell me what's annoying"); watch 3–5 of them sign up and enrol over a call | D98: Marketing | E98: M11 | F98: =IFERROR(INDEX(Roadmap!$B$5:$B$16,MATCH(E98,Roadmap!$A$5:$A$16,0)),"") | G98: Chore | H98: P1 | I98: M | J98: Not started | K98: SL-095 | O98: Proposed | P98: Before: SL-082 rebrand, SL-089 link previews, SL-077 SPF.
A99: SL-098 | B99: Sign-up source tracking | C99: Keep ?ref= (linkedin, reddit, a college group…) through signup and store it on the account; shown in the admin overview | D99: Backend | E99: M11 | F99: =IFERROR(INDEX(Roadmap!$B$5:$B$16,MATCH(E99,Roadmap!$A$5:$A$16,0)),"") | G99: Feature | H99: P2 | I99: S | J99: Not started | K99: SL-086 | O99: Proposed
A100: SL-099 | B100: Weekly growth numbers | C100: Every week: sign-ups, activation (verified and enrolled in a path) and week-2 retention (studied again in the second week); fix retention before pushing more traffic | D100: Operations | E100: M11 | F100: =IFERROR(INDEX(Roadmap!$B$5:$B$16,MATCH(E100,Roadmap!$A$5:$A$16,0)),"") | G100: Chore | H100: P2 | I100: S | J100: Not started | K100: SL-086 | O100: Proposed
...

Sheet How to use
A1: How to use this tracker
A3: Roadmap | B3: Milestones in order. Item counts, % done and status are formulas over the Backlog sheet; fill in only Timeframe and Target (yellow).
A4: Backlog | B4: One row per piece of work. Change Status as you go, and add the Done date when you finish.
A5: Adding an item | B5: Type in the first empty row under the table: it grows automatically. Use the next ID (SL-0xx) and pick a Milestone (M0–M11).
A6: Edit freely | B6: Status, Priority, Size, Owner, Target date, Done date, Notes, Depends on.
A7: Formula column | B7: Milestone name is looked up from the Roadmap sheet; don't type in it.
A9: Status | B9: Not started · In progress · Blocked · Done · Won't do (Won't do is left out of the counts)
A10: Priority | B10: P1 = needed for the current milestone · P2 = should do · P3 = nice to have
A11: Size | B11: XS < half a day · S ≈ 1 day · M ≈ 2–3 days · L ≈ a week · XL = more than a week (rough guesses)
A12: Source | B12: README roadmap = from the Roadmap section of README.md. Proposed = suggested from what the API already supports but the web app doesn't show yet.
A13: Done dates | B13: For M0, taken from the git history.
A14: Figma design | B14: Source "Figma design" = from the design work. Screens: https://www.figma.com/design/OtHkuUtj5AK1MYZYgMEJRH (StudyLog – App Design).

Sheet Lists
A1: Status | B1: Priority | C1: Size | D1: Type | E1: Area
A2: Not started | B2: P1 | C2: XS | D2: Feature | E2: Frontend
A3: In progress | B3: P2 | C3: S | D3: Bug | E3: Backend
A4: Blocked | B4: P3 | C4: M | D4: Chore | E4: Mobile
A5: Done | C5: L | E5: Design
A6: Won't do | C6: XL | E6: Testing
E7: DevOps
E8: Operations
E9: Tooling
E10: Docs
E11: Content
E12: Marketing
